<?xml version="1.0"?>
<!DOCTYPE package-info SYSTEM "">
<package-info xmlns="http://www.simplemachines.org/xml/package-info" xmlns:smf="http://www.simplemachines.org/">
	<name>Anti-Bot Registration Puzzles</name>
	<id>Nas:antibotregistration</id>
	<type>modification</type>
	<version>1.2.0.1</version>
	<install for="1.1 - 1.1.99">
		<readme type="file" parsebbc="true">readme.txt</readme>
		<modification>install1.1.xml</modification>
	</install>
	
	<uninstall for="1.1 - 1.1.99">
		<modification reverse="true">install1.1.xml</modification>
	</uninstall>
	
	<install for="2.0 - 2.99.99">>
		<readme type="file" parsebbc="true">readme.txt</readme>
		<modification>install2.0.xml</modification>
	</install>
	<uninstall for="2.0 - 2.99.99">>
		<modification reverse="true">install2.0.xml</modification>
	</uninstall>	
</package-info>