<?xml version="1.0"?>
<!DOCTYPE modification SYSTEM "http://www.simplemachines.org/xml/modification">

<modification xmlns="http://www.simplemachines.org/xml/modification" xmlns:smf="http://www.simplemachines.org/">
	<id>yoshi2889:backtotheindex</id>
	<version>0.2</version>
	
	<file name="$sourcedir/Subs.php">
		<operation>
			<search position="replace"><![CDATA['register' => array(
				'title' => $txt['register'],
				'href' => $scripturl . '?action=register',
				'show' => $user_info['is_guest'],
				'sub_buttons' => array(
				),
				'is_last' => !$context['right_to_left'],
			),
			'logout' => array(
				'title' => $txt['logout'],
				'href' => $scripturl . '?action=logout;%1$s=%2$s',
				'show' => !$user_info['is_guest'],
				'sub_buttons' => array(
				),
				'is_last' => !$context['right_to_left'],
			),
]]></search>
			<add><![CDATA['register' => array(
				'title' => $txt['register'],
				'href' => $scripturl . '?action=register',
				'show' => $user_info['is_guest'],
				'sub_buttons' => array(
				),
				'is_last' => !$context['right_to_left'] && ($modSettings['backtotheindex_enabled'] == '0' or empty($modSettings['backtotheindex_href']) or empty($modSettings['backtotheindex_title']) or $modSettings['backtotheindex_position'] != 'end'),
			),
			'logout' => array(
				'title' => $txt['logout'],
				'href' => $scripturl . '?action=logout;%1$s=%2$s',
				'show' => !$user_info['is_guest'],
				'sub_buttons' => array(
				),
				'is_last' => !$context['right_to_left'] && ($modSettings['backtotheindex_enabled'] == '0' or empty($modSettings['backtotheindex_href']) or empty($modSettings['backtotheindex_title']) or $modSettings['backtotheindex_position'] != 'end'),
			),
			'backtotheindex_end' => array(
				'title' => !empty($modSettings['backtotheindex_title']) ? $modSettings['backtotheindex_title'] : '',
				'href' => !empty($modSettings['backtotheindex_href']) ? $modSettings['backtotheindex_href'] : '',
				'show' => !empty($modSettings['backtotheindex_enabled']) && !empty($modSettings['backtotheindex_href']) && !empty($modSettings['backtotheindex_title']) && $modSettings['backtotheindex_position'] == 'end',
				'sub_buttons' => array(
				),
				'is_last' => !$context['right_to_left'],
			),
]]></add>
		</operation>
	</file>
	<file name="$sourcedir/Subs.php">
		<operation>
			<search position="replace"><![CDATA['home' => array(
				'title' => $txt['home'],
				'href' => $scripturl,
				'show' => true,
				'sub_buttons' => array(
				),
				'is_last' => $context['right_to_left'],
			),
]]></search>
			<add><![CDATA['backtotheindex_start' => array(
				'title' => !empty($modSettings['backtotheindex_title']) ? $modSettings['backtotheindex_title'] : '',
				'href' => !empty($modSettings['backtotheindex_href']) ? $modSettings['backtotheindex_href'] : '',
				'show' => !empty($modSettings['backtotheindex_enabled']) && !empty($modSettings['backtotheindex_href']) && !empty($modSettings['backtotheindex_title']) && $modSettings['backtotheindex_position'] == 'start',
				'sub_buttons' => array(
				),
				'is_last' => !$context['right_to_left'],
			),
			'home' => array(
				'title' => $txt['home'],
				'href' => $scripturl,
				'show' => true,
				'sub_buttons' => array(
				),
				'is_last' => $context['right_to_left'] && ($modSettings['backtotheindex_enabled'] == '0' or empty($modSettings['backtotheindex_href']) or empty($modSettings['backtotheindex_title']) or $modSettings['backtotheindex_position'] != 'start'),
			),
]]></add>
		</operation>
	</file>
	
	<file name="$sourcedir/ManageSettings.php">
		<operation>
			<search position="before"><![CDATA[		// Mod authors, add any settings UNDER this line. Include a comma at the end of the line and don't remove this statement!!]]></search>
			<add><![CDATA[
		array('check', 'backtotheindex_enabled'),
		array('text', 'backtotheindex_title'),
		array('text', 'backtotheindex_href'),
		array('select', 'backtotheindex_position', array('start' => $txt['backtotheindex_beginofmenu'], 'end' => $txt['backtotheindex_endofmenu'])),]]>
			</add>
		</operation>
	</file>
			
</modification>
