<?xml version="1.0"?>
<!DOCTYPE modification SYSTEM "http://www.simplemachines.org/xml/modification">

<modification xmlns="http://www.simplemachines.org/xml/modification" xmlns:smf="http://www.simplemachines.org/">
	<id>yoshi2889:backtotheindex</id>
	<version>0.2</version>

	<file name="$languagedir/Modifications.english.php">
		<operation>
			<search position="end" />
			<add><![CDATA[
$txt['backtotheindex_enabled'] = 'Enable the Back to the index mod';
$txt['backtotheindex_title'] = 'Title for the Back to the index menu button';
$txt['backtotheindex_href'] = 'Link (URL) for the Back to the index menu button';
$txt['backtotheindex_position'] = 'Position of the Back to the index button';
$txt['backtotheindex_beginofmenu'] = 'At the beginning of the menu (before Home button)';
$txt['backtotheindex_endofmenu'] = 'At the end of the menu (after Logout/Register button)';
]]></add>
		</operation>
	</file>
	<file name="$languagedir/Modifications.dutch.php" error="skip">
		<operation>
			<search position="end" />
			<add><![CDATA[
$txt['backtotheindex_enabled'] = Zet de Back to the index mod aan';
$txt['backtotheindex_title'] = 'Titel voor de Back to the index menu knop';
$txt['backtotheindex_href'] = 'Link (URL) voor de Back to the index menu knop';
$txt['backtotheindex_position'] = 'Positie van de Back to the index menu knop';
$txt['backtotheindex_beginofmenu'] = 'Aan het begin van het menu (voor de Index knop)';
$txt['backtotheindex_endofmenu'] = 'Aan het eind van het menu (na de Uitloggen/Registreren knoppen)';
]]></add>
		</operation>
	</file>
	<file name="$languagedir/Modifications.polish.php" error="skip">
		<operation>
			<search position="end" />
			<add><![CDATA[
$txt['backtotheindex_enabled'] = 'Wł±cz modyfikację "Wróć do indeksu"';
$txt['backtotheindex_title'] = 'Tytuł przycisku "Wróć do indeksu" w menu';
$txt['backtotheindex_href'] = 'Adres URL przycisku "Wróć do indeksu"';
$txt['backtotheindex_position'] = 'Pozycja przycisku "Wróć do indeksu"';
$txt['backtotheindex_beginofmenu'] = 'Na pocz±tku menu (przed przyciskiem Strona główna)';
$txt['backtotheindex_endofmenu'] = 'Na końcu menu (po przycisku Wyloguj się/Rejestracja)';
]]></add>
		</operation>
	</file>
</modification>
